{"default-sidebar":{"search-2":{"title":""},"recent-posts-2":{"title":"","number":5},"recent-comments-2":{"title":"","number":5},"archives-2":{"title":"","count":0,"dropdown":0},"categories-2":{"title":"","count":0,"hierarchical":0,"dropdown":0},"meta-2":{"title":""}},"sliderbar-area":{"text-2":{"title":"Follow Us","text":"[icon name= \"icon-facebook\" size= \"tiny\" style= \"circle\" bg_color= \"#3b5998\" hover_bg_color= \"#323232\" color= \"#fff\" hover_color= \"#ffffff\" border_width= \"0\" alignment= \"none\" href= \"\" animation_type= \"fadeIn\"][icon name= \"icon-twitter\" size= \"tiny\" style= \"circle\" bg_color= \"#0c9aca\" hover_bg_color= \"#323232\" color= \"#fff\" hover_color= \"#ffffff\" border_width= \"0\" alignment= \"none\" href= \"\" animation_type= \"fadeIn\"][icon name= \"icon-pinterest\" size= \"tiny\" style= \"circle\" bg_color= \"#e4100f\" hover_bg_color= \"#323232\" color= \"#fff\" hover_color= \"#ffffff\" border_width= \"0\" alignment= \"none\" href= \"\" animation_type= \"fadeIn\"]\r\n\r\nCopyright 2014 Brand Exponents All Rights Reserved","filter":true}}}