{"default-sidebar":{"be-recent-posts-2":{"title":"Recent Posts","number":3},"tag_cloud-2":{"title":false,"taxonomy":"post_tag"},"archives-2":{"title":"Archives","count":0,"dropdown":0},"categories-2":{"title":"Categories","count":0,"hierarchical":0,"dropdown":0}},"footer-widget-1":{"text-4":{"title":false,"text":"<img src=\"http:\/\/www.brandexponents.com\/oshin\/wp-content\/uploads\/2014\/10\/oshin-black-logo.png\" alt=\"\"\/>\r\n\r\nEa mei nostrum imperdiet deterruisset, mei ludus efficiendi ei. Sea summo mazim ex, ea errem eleifend definitionem vim. Detracto erroribus et mea. \r\n\r\n[icon name= \"icon-facebook2\" size= \"tiny\" style= \"circle\" bg_color= \"\" hover_bg_color= \"#e0a240\" color= \"#e0a240\" hover_color= \"#ffffff\" border_width= \"1\" border_color= \"#e0a240\" hover_border_color= \"#e0a240\" alignment= \"none\" href= \"\" animation_type= \"fadeIn\"][icon name= \"icon-twitter2\" size= \"tiny\" style= \"circle\" bg_color= \"\" hover_bg_color= \"#e0a240\" color= \"#e0a240\" hover_color= \"#ffffff\" border_width= \"1\" border_color= \"#e0a240\" hover_border_color= \"#e0a240\" alignment= \"none\" href= \"\" animation_type= \"fadeIn\"][icon name= \"icon-pinterest2\" size= \"tiny\" style= \"circle\" bg_color= \"\" hover_bg_color= \"#e0a240\" color= \"#e0a240\" hover_color= \"#ffffff\" border_width= \"1\" border_color= \"#e0a240\" hover_border_color= \"#e0a240\" alignment= \"none\" href= \"\" animation_type= \"fadeIn\"][icon name= \"icon-dribbble2\" size= \"tiny\" style= \"circle\" bg_color= \"\" hover_bg_color= \"#e0a240\" color= \"#e0a240\" hover_color= \"#ffffff\" border_width= \"1\" border_color= \"#e0a240\" hover_border_color= \"#e0a240\" alignment= \"none\" href= \"\" animation_type= \"fadeIn\"]","filter":true}},"footer-widget-2":{"be-recent-posts-3":{"title":"Recent Posts","number":2}},"footer-widget-3":{"nav_menu-2":{"title":"Links","nav_menu":34}},"footer-widget-4":{"bra_photostream_widget-3":{"title":"From Instagram","user":"samflahertycreative","limit":"9","social_network":"instagram"}},"sliderbar-area":{"text-5":{"title":"Follow Us","text":"[icon name= \"icon-facebook\" size= \"tiny\" style= \"circle\" bg_color= \"#3b5998\" hover_bg_color= \"#323232\" color= \"#fff\" hover_color= \"#ffffff\" border_width= \"0\" alignment= \"none\" href= \"\" animation_type= \"fadeIn\"][icon name= \"icon-twitter\" size= \"tiny\" style= \"circle\" bg_color= \"#0c9aca\" hover_bg_color= \"#323232\" color= \"#fff\" hover_color= \"#ffffff\" border_width= \"0\" alignment= \"none\" href= \"\" animation_type= \"fadeIn\"][icon name= \"icon-pinterest\" size= \"tiny\" style= \"circle\" bg_color= \"#e4100f\" hover_bg_color= \"#323232\" color= \"#fff\" hover_color= \"#ffffff\" border_width= \"0\" alignment= \"none\" href= \"\" animation_type= \"fadeIn\"]\r\n\r\nCopyright 2014 Brand Exponents All Rights Reserved","filter":true}}}