{"last_tab":"","site_status":"","enable_pb":"1","logo":{"url":"http:\/\/brandexponents.com\/oshin\/v11\/wp-content\/uploads\/sites\/11\/2014\/11\/oshin-white-logo.png","id":"2801","height":"50","width":"119","thumbnail":"http:\/\/brandexponents.com\/oshin\/v11\/wp-content\/uploads\/sites\/11\/2014\/11\/oshin-white-logo.png"},"logo_transparent":{"url":"","id":"","height":"","width":"","thumbnail":""},"logo_transparent_light":{"url":"","id":"","height":"","width":"","thumbnail":""},"logo_sidebar":{"url":"","id":"","height":"","width":"","thumbnail":""},"favicon":{"url":"","id":"","height":"","width":"","thumbnail":""},"google_analytics_code":"","custom_css":".page-title-module-custom {\r\n    padding: 40px 0;\r\n}\r\n.style1 .be-wrap  #logo {\r\n    margin-left:0;\r\n}\r\n\r\n.style1 .be-wrap #header-controls-right {\r\n    margin-right: 0;\r\n}","custom_js":"","body":{"background-color":"#ffffff","background-repeat":"","background-size":"","background-attachment":"","background-position":"","background-image":"","media":{"id":"","height":"","width":"","thumbnail":""}},"content":{"background-color":"#ffffff","background-repeat":"","background-size":"","background-attachment":"","background-position":"","background-image":"","media":{"id":"","height":"","width":"","thumbnail":""}},"bottom_widgets":{"background-color":"#f8f8f9","background-repeat":"","background-size":"","background-attachment":"","background-position":"","background-image":"","media":{"id":"","height":"","width":"","thumbnail":""}},"header_title_module":{"background-color":"#60c2d3","background-repeat":"","background-size":"","background-attachment":"","background-position":"","background-image":"","media":{"id":"","height":"","width":"","thumbnail":""}},"h1":{"font-family":"Roboto","font-options":"","google":"1","font-weight":"300","font-style":"","subsets":"latin","text-align":"","text-transform":"none","font-size":"55px","line-height":"70px","letter-spacing":"","color":"#39454d"},"h2":{"font-family":"Roboto","font-options":"","google":"1","font-weight":"300","font-style":"","subsets":"latin","text-align":"","text-transform":"none","font-size":"42px","line-height":"63px","letter-spacing":"0px","color":"#39454d"},"h3":{"font-family":"Roboto","font-options":"","google":"1","font-weight":"300","font-style":"","subsets":"latin","text-align":"","text-transform":"none","font-size":"30px","line-height":"52px","letter-spacing":"0px","color":"#39454d"},"h4":{"font-family":"Roboto","font-options":"","google":"1","font-weight":"300","font-style":"","subsets":"latin","text-align":"","text-transform":"none","font-size":"28px","line-height":"42px","letter-spacing":"0px","color":"#39454d"},"h5":{"font-family":"Roboto","font-options":"","google":"1","font-weight":"300","font-style":"","subsets":"latin","text-align":"","text-transform":"none","font-size":"22px","line-height":"36px","letter-spacing":"0px","color":"#39454d"},"h6":{"font-family":"Roboto","font-options":"","google":"1","font-weight":"400","font-style":"","subsets":"latin","text-align":"","text-transform":"none","font-size":"15px","line-height":"32px","letter-spacing":"0px","color":"#39454d"},"sub_title":{"font-family":"Open Sans","font-options":"","google":"1","font-weight":"300","font-style":"italic","subsets":"latin","text-align":"","text-transform":"none","font-size":"16px"},"body_text":{"font-family":"Open Sans","font-options":"","google":"1","font-weight":"400","font-style":"","subsets":"latin","text-align":"","text-transform":"none","font-size":"13px","line-height":"26px","letter-spacing":"0px","color":"#808080"},"sidebar_widget_title":{"font-family":"Open Sans","font-options":"","google":"1","font-weight":"600","font-style":"","subsets":"latin","text-align":"","text-transform":"uppercase","font-size":"13px","line-height":"22px","letter-spacing":"0px","color":"#39454d"},"sidebar_widget_text":{"font-family":"Open Sans","font-options":"","google":"1","font-weight":"400","font-style":"","subsets":"latin","text-align":"","text-transform":"none","font-size":"13px","line-height":"24px","letter-spacing":"0px","color":"#808080"},"bottom_widget_title":{"font-family":"Open Sans","font-options":"","google":"1","font-weight":"600","font-style":"","subsets":"latin","text-align":"","text-transform":"uppercase","font-size":"13px","line-height":"22px","letter-spacing":"0px","color":"#39454d"},"bottom_widget_text":{"font-family":"Open Sans","font-options":"","google":"1","font-weight":"400","font-style":"","subsets":"latin","text-align":"","text-transform":"none","font-size":"13px","line-height":"24px","letter-spacing":"0px","color":"#757575"},"slidebar_widget_title":{"font-family":"Open Sans","font-options":"","google":"1","font-weight":"400","font-style":"","subsets":"latin","text-align":"","text-transform":"none","font-size":"13px","line-height":"22px","letter-spacing":"0px","color":"#ffffff"},"slidebar_widget_text":{"font-family":"Open Sans","font-options":"","google":"1","font-weight":"400","font-style":"","subsets":"","text-align":"","text-transform":"none","font-size":"12px","line-height":"25px","letter-spacing":"0px","color":"#a2a2a2"},"footer_text":{"font-family":"Open Sans","font-options":"","google":"1","font-weight":"400","font-style":"","subsets":"","text-align":"","text-transform":"none","font-size":"12px","line-height":"14px","letter-spacing":"0px","color":"#888888"},"navigation_text":{"font-family":"Open Sans","font-options":"","google":"1","font-weight":"400","font-style":"","subsets":"latin","text-align":"","text-transform":"uppercase","font-size":"12px","line-height":"51px","letter-spacing":"1px","color":"#bcbcbc"},"submenu_text":{"font-family":"Open Sans","font-options":"","google":"1","font-weight":"400","font-style":"","subsets":"latin","text-align":"","text-transform":"none","font-size":"13px","line-height":"28px","letter-spacing":"0px","color":"#bbbbbb"},"mobile_menu_text":{"font-family":"Montserrat","font-options":"","google":"1","font-weight":"400","font-style":"","subsets":"latin","text-align":"","text-transform":"uppercase","font-size":"12px","line-height":"40px","letter-spacing":"1px","color":"#232323"},"mobile_submenu_text":{"font-family":"Raleway","font-options":"","google":"1","font-weight":"400","font-style":"","subsets":"latin","text-align":"","text-transform":"none","font-size":"13px","line-height":"27px","letter-spacing":"0px","color":"#474747"},"sidebar_menu_text":{"font-family":"Open Sans","font-options":"","google":"1","font-weight":"400","font-style":"","subsets":"latin","text-align":"","text-transform":"uppercase","font-size":"14px","line-height":"60px","letter-spacing":"1px","color":"#ffffff"},"page_title_module_typo":{"font-family":"Roboto","font-options":"","google":"1","font-weight":"300","font-style":"","subsets":"latin","text-align":"","text-transform":"none","font-size":"24px","line-height":"36px","letter-spacing":"0px","color":"#ffffff"},"layout":"layout-wide","border-bg-setting":{"background-color":"#d3d3d3","background-repeat":"","background-size":"","background-attachment":"","background-position":"","background-image":"","media":{"id":"","height":"","width":"","thumbnail":""}},"sticky_header":"0","all_ajax":"1","comments_on_page":"0","smooth_scroll":"0","page_loader_style":"style1-loader","seach_widget_style":"style1-header-search-widget","search_bg":{"color":"#26292a","alpha":"1.00"},"search_font_color":"#b3b3b3","slider_navigation_style":"style3-arrow","slider_nav_bg":{"color":"#000000","alpha":"0.77"},"slider_nav_hover_bg":{"color":"#000000","alpha":"1"},"slider_nav_color":"#ffffff","slider_nav_hover_color":"#ffffff","all_ajax_exclude_links":"","custom_sidebars":[""],"bottom_widgets_layout":"four-col","opt-header-type":"top","opt-header-color":{"background-color":"#3b4044","background-repeat":"","background-size":"","background-attachment":"","background-position":"","background-image":"","media":{"id":"","height":"","width":"","thumbnail":""}},"header_cart_count_background":"#646464","header_cart_count_color":"#f5f5f5","opt-noshow-topbar":"1","opt-topbar-color":{"color":"#2c2e30","alpha":"1"},"opt-topbar-text-color":"#bfbfbf","opt-topbar-border-color":{"border-top":"0","border-right":"0","border-bottom":"0","border-left":"0","border-style":"none","border-color":"#afafaf"},"opt-phone-topbar":"+001-(234)-5678","opt-email-topbar":"support@oshin.com","opt-smedia-topbar":"                        [icon name= \"icon-facebook\" size= \"tiny\" style= \"circle\" bg_color= \"#3b5998\" hover_bg_color= \"#323232\" color= \"#fff\" hover_color= \"#ffffff\" border_width= \"0\" alignment= \"none\" href= \"\" animation_type= \"fadeIn\"][icon name= \"icon-twitter\" size= \"tiny\" style= \"circle\" bg_color= \"#0c9aca\" hover_bg_color= \"#323232\" color= \"#fff\" hover_color= \"#ffffff\" border_width= \"0\" alignment= \"none\" href= \"\" animation_type= \"fadeIn\"][icon name= \"icon-pinterest\" size= \"tiny\" style= \"circle\" bg_color= \"#e4100f\" hover_bg_color= \"#323232\" color= \"#fff\" hover_color= \"#ffffff\" border_width= \"0\" alignment= \"none\" href= \"\" animation_type= \"fadeIn\"]                    ","opt-topbar-widgets-pos":{"unused":{"placebo":"placebo","socialmedia":"Code Content","cart":"Cart","language":"Language Switcher"},"left":{"placebo":"placebo","phone":"Text 1","email":"Text 2"},"right":{"placebo":"placebo","search":"Search Wdiget","menu":"Menu Links"}},"opt-header-wrap":"1","opt-header-style":"http:\/\/brandexponents.com\/oshin\/v11\/wp-content\/themes\/oshin\/ReduxFramework\/ReduxCore\/..\/sample\/patterns\/style1.png","opt-header-border-color":{"border-top":"0","border-right":"0","border-bottom":"1px","border-left":"0","border-style":"none","border-color":""},"opt-header-border-wrap":"true","opt-logo-padding":"25","submenu_bg_color":{"color":"#1f1f1f","alpha":"1"},"sub_menu_border":"#ffffff","mobile_menu_bg":{"color":"#f2f5f8","alpha":"1.00"},"opt-bottombar-color":{"color":"#ffffff","alpha":"0.00"},"opt-bottombar-border-color":{"border-top":"0","border-right":"0","border-bottom":"0","border-left":"0","border-style":"none","border-color":"#323232"},"top-menu-style":"0","sidebar_menu_bg_color":{"color":"#3a3a3a","alpha":"0.88"},"right_side_menu_border":"#2d2d2d","semi-transparent-header-color":{"color":"#000000","alpha":"0.40"},"opt-phone-header":"","opt-email-header":"","opt-header-social-media":"                        <a href=\"http:\/\/brandexponents.com\/v11\/contact\">We are Hiring!<\/a>                    ","opt-header-pos":{"unused":{"placebo":"placebo","search":"Search Wdiget","cart":"Cart","phone":"Text 1","smenu":"Sliding Menu","email":"Text 2","menu":"Menu Links","language":"Language Switcher"},"left":{"placebo":"placebo"},"right":{"placebo":"placebo","socialmedia":"Code Content"}},"left-header-style":"strip","left-static-overlay":{"color":"#ffffff","alpha":"0.85"},"left-strip-logo":{"url":"http:\/\/www.brandexponents.com\/oshin\/wp-content\/uploads\/2014\/09\/oshin-mini.png","id":"2553","height":"29","width":"35","thumbnail":"http:\/\/www.brandexponents.com\/oshin\/wp-content\/uploads\/2014\/09\/oshin-mini.png"},"left_overlay_menu_bg_color":{"color":"#080808","alpha":"0.95"},"left_side_menu_border":"#3d3d3d","opt-footer-wrap":"1","footer-style":"style1","footer_background":{"background-color":"#e7e7e7","background-repeat":"","background-size":"","background-attachment":"","background-position":"","background-image":"","media":{"id":"","height":"","width":"","thumbnail":""}},"footer-border-color":{"border-top":"0","border-right":"0","border-bottom":"0","border-left":"0","border-style":"none","border-color":""},"footer-border-wrap":"true","footer_padding":"25","footer_text1":"                        Copyright Brand Exponents 2014. All Rights Reserved                    ","footer_text2":"                        [icon name= \"icon-googleplus\" size= \"tiny\" style= \"circle\" bg_color= \"#464646\" hover_bg_color= \"#49ebc3\" color= \"#ffffff\" hover_color= \"#ffffff\" border_width= \"0\" border_color= \"#ffffff\" hover_border_color= \"#49ebc3\" alignment= \"none\" href= \"www.facebook.com\" animation_type= \"fadeIn\"][icon name= \"icon-social_facebook\" size= \"tiny\" style= \"circle\" bg_color= \"#464646\" hover_bg_color= \"#49ebc3\" color= \"#ffffff\" hover_color= \"#ffffff\" border_width= \"0\" border_color= \"#ffffff\" hover_border_color= \"#49ebc3\" alignment= \"none\" href= \"www.facebook.com\" animation_type= \"fadeIn\"][icon name= \"icon-social_linkedin\" size= \"tiny\" style= \"circle\" bg_color= \"#464646\" hover_bg_color= \"#49ebc3\" color= \"#ffffff\" hover_color= \"#ffffff\" border_width= \"0\" border_color= \"#ffffff\" hover_border_color= \"#49ebc3\" alignment= \"none\" href= \"www.facebook.com\" animation_type= \"fadeIn\"][icon name= \"icon-social_twitter\" size= \"tiny\" style= \"circle\" bg_color= \"#464646\" hover_bg_color= \"#49ebc3\" color= \"#ffffff\" hover_color= \"#ffffff\" border_width= \"0\" border_color= \"#ffffff\" hover_border_color= \"#49ebc3\" alignment= \"none\" href= \"www.facebook.com\" animation_type= \"fadeIn\"]                    ","footer_text3":"                        swami@brandexponents.com                    ","footer-content-pos-left":"text1","footer-content-pos-center":"none","footer-content-pos-right":"text2","color_scheme":"#60c2d3","alt_bg_text_color":"#ffffff","sec_bg":"#f2f5f8","sec_color":"#7a7a7a","sec_border":"#eeeeee","tert_bg":"#ffffff","open_to_lightbox":"1","blog_style":"style5","post_title":{"font-family":"Roboto","font-options":"","google":"1","font-weight":"400","font-style":"","subsets":"latin","text-align":"","text-transform":"none","font-size":"22px","line-height":"40px","letter-spacing":"0px","color":"#39454d"},"masonry_post_title":{"font-family":"Roboto","font-options":"","google":"1","font-weight":"400","font-style":"","subsets":"","text-align":"","text-transform":"uppercase","font-size":"16px","line-height":"28px","letter-spacing":"0px","color":"#363c3b"},"post_meta_options":{"font-family":"Open Sans","font-options":"","google":"1","font-weight":"400","font-style":"","subsets":"latin","text-align":"","text-transform":"uppercase","font-size":"11px","line-height":"18px","letter-spacing":"","color":"#888888"},"blog_sidebar":"right","blog_column":"three-col","blog_gutter_style":"style1","blog_pagination_style":"normal","blog_gutter_width":"40","show_bottom_widgets":"yes","blog_read_more_style":"style3","blog_page_show_page_title_module":"1","portfolio_home_page":"http:\/\/www.brandexponents.com\/oshin\/?page_id=2471","portfolio_title_nav_color":"#60c2d3","portfolio_nav_color":"#ffffff","portfolio_nav_hover_color":"#000000","portfolio_title_bar_padding":"25","portfolio_title_bar_border":{"border-top":"0","border-right":"0","border-bottom":"1px","border-left":"0","border-style":"none","border-color":"#e8e8e8"},"portfolio_title_nav_style":"style3","portfolio_title_nav_bg":{"color":"#000000","alpha":"1"},"portfolio_title_nav_text_color":"#f2f5f8","portfolio_title_nav_hover_bg_color":{"color":"#60c2d3","alpha":"0.85"},"portfolio_title_nav_text_hover_color":"#f2f5f8","portfolio_title":{"font-family":"Roboto","font-options":"","google":"1","font-weight":"400","font-style":"","subsets":"latin","text-align":"","text-transform":"uppercase","font-size":"13px","line-height":"30px","letter-spacing":"1px"},"portfolio_meta_typo":{"text-transform":"none","font-size":"12px","line-height":"17px","letter-spacing":"0px"},"portfolio_style":"portfolio","portfolio_col":"three","portfolio_hover":{"color":"#11d6e0","alpha":"0.85"},"portfolio_visit_site_style":"style1","pb_module_title":{"font-family":"Roboto","font-options":"","google":"1","font-weight":"400","font-style":"","subsets":"latin","letter-spacing":"0px"},"pb_tab_font_size":{"text-transform":"uppercase","font-size":"14px","line-height":"17px"},"pb_acc_font_size":{"text-transform":"none","font-size":"14px","line-height":"17px"},"pb_skill_font_size":{"text-transform":"uppercase","font-size":"13px","line-height":"17px"},"pb_module_spl_body":{"font-family":"Roboto","font-options":"","google":"1","font-weight":"300","font-style":"","subsets":"","text-transform":"none","letter-spacing":"0px"},"pb_blockquote_font_size":{"font-size":"26px"},"pb_module_tweet":{"font-family":"Roboto","font-options":"","google":"1","font-weight":"300","font-style":"","subsets":"latin","text-transform":"none","letter-spacing":"0px"},"button_font":{"font-family":"Roboto","font-options":"","google":"1","font-weight":"","font-style":"","subsets":""},"shop_products_column":"four","show_sidebar_on_shop_page":"0","number_of_products_per_page":"9","shop_page_title":{"font-family":"Lato","font-options":"","google":"1","font-weight":"700","font-style":"","subsets":"","text-align":"","text-transform":"none","font-size":"18px","line-height":"27px","letter-spacing":"0px","color":"#222222"},"shop_single_page_title":{"font-family":"Lato","font-options":"","google":"1","font-weight":"700","font-style":"","subsets":"","text-align":"","text-transform":"none","font-size":"18px","line-height":"27px","letter-spacing":"0px","color":"#222222"},"sigle_page_woo_tabs_position":"right_side","shop_page_button_bg_color":"","shop_page_button_color":"","shop_page_button_border_color":"","shop_page_button_hover_bg_color":"","shop_page_button_hover_color":"","shop_page_button_border_hover_color":"","shop_page_button_border_width":"","shop_page_alt_button_bg_color":"","shop_page_alt_button_color":"","shop_page_alt_button_border_color":"","shop_page_alt_button_hover_bg_color":"","shop_page_alt_button_hover_color":"","shop_page_alt_button_border_hover_color":"","shop_page_alt_button_border_width":"","mail_id":"","contact_form_typo":{"font-family":"Open Sans","font-options":"","google":"1","font-weight":"400","font-style":"","subsets":"","text-align":"","text-transform":"none","font-size":"13px","line-height":"26px","letter-spacing":"0px","color":"#222222"},"opt-facebook-url":"http:\/\/facebook.com","opt-twitter-url":"http:\/\/twitter.com","opt-gplus-url":"http:\/\/googleplus.com","opt-skype-url":"http:\/\/skype.com","opt-linkedin-url":"http:\/\/linkedin.com","opt-vimeo-url":"http:\/\/vimeo.com","opt-pinterest-url":"http:\/\/pinterest.com","single_blog_hero_section_from":"inherit_option_panel","single_blog_hero_section":"none","single_blog_hero_section_slider_shortcode":"","single_blog_header_transparent":"none","single_blog_header_sticky":"inherit","single_blog_header_transparent_color_scheme":"dark","single_blog_hero_section_position":"after","single_blog_hero_section_custom_height":"","single_blog_hero_section_with_header":"no","single_blog_hero_section_bg_color":"","single_blog_hero_section_bg_image":{"background-repeat":"","background-size":"","background-attachment":"","background-position":"","background-image":"","media":{"id":"","height":"","width":"","thumbnail":""}},"single_blog_hero_section_bg_video":"0","single_blog_hero_section_bg_video_format":"mp4","single_blog_hero_section_bg_video_url":"","single_blog_hero_section_video_mute":"0","single_blog_hero_section_bg_animation":"none","single_blog_hero_section_overlay":"0","single_blog_hero_section_bg_overlay":{"color":"#11d6e0","alpha":"0.85"},"single_blog_hero_section_container_wrap":"yes","single_blog_hero_section_content":"","single_shop_hero_section_from":"inherit_option_panel","single_shop_hero_section":"none","single_shop_hero_section_slider_shortcode":"","single_shop_header_transparent":"none","single_shop_header_sticky":"inherit","single_shop_header_transparent_color_scheme":"dark","single_shop_hero_section_position":"after","single_shop_hero_section_custom_height":"","single_shop_hero_section_with_header":"no","single_shop_hero_section_bg_color":"","single_shop_hero_section_bg_image":{"background-repeat":"","background-size":"","background-attachment":"","background-position":"","background-image":"","media":{"id":"","height":"","width":"","thumbnail":""}},"single_shop_hero_section_bg_video":"0","single_shop_hero_section_bg_video_format":"mp4","single_shop_hero_section_bg_video_url":"","single_shop_hero_section_video_mute":"0","single_shop_hero_section_bg_parallax":"0","single_shop_hero_section_bg_mouse_move_parallax":"0","single_shop_hero_section_overlay":"0","single_shop_hero_section_bg_overlay":{"color":"#11d6e0","alpha":"0.85"},"single_shop_hero_section_container_wrap":"yes","single_shop_hero_section_content":"","sidebar_submenu_text":{"color":"#ffffff","font-size":"13px","line-height":"25px","font-family":"Raleway","font-style":"","font-weight":"400","text-transform":"none","letter-spacing":""},"textbox_style":"style1","redux-backup":"1"}