{"default-sidebar":{"text-6":{"title":"WE ARE OSHIN","text":"A Digital Creative agency building next generation products  to inspire the world","filter":false},"categories-2":{"title":"","count":0,"hierarchical":0,"dropdown":0},"tag_cloud-2":{"title":"","taxonomy":"post_tag"}},"footer-widget-1":{"text-3":{"title":"","text":"<img src=\"http:\/\/www.brandexponents.com\/oshin\/v8\/wp-content\/uploads\/sites\/8\/2014\/11\/oshin-white-wo-border.png\"  alt=\"Oshin\"\/>\r\n\r\nA Digital Creative agency building next generation products  to inspire the world","filter":true}},"footer-widget-2":{"text-4":{"title":"Find us at","text":"66 Nicholson Street, Buffalo\r\nNew York 14214","filter":true}},"footer-widget-3":{"text-5":{"title":"Contact","text":"001-123-456-7890\r\ninfo@oshintheme.com","filter":true}},"footer-widget-4":{"text-2":{"title":"Connect","text":"[icon name= \"icon-facebook2\" size= \"tiny\" style= \"square\" bg_color= \"\" hover_bg_color= \"#f0b452\" color= \"#a2a2a2\" hover_color= \"#ffffff\" border_width= \"1\" border_color= \"#a2a2a2\" hover_border_color= \"#f0b452\" alignment= \"none\" href= \"\" animation_type= \"fadeIn\"][icon name= \"icon-twitter2\" size= \"tiny\" style= \"square\" bg_color= \"\" hover_bg_color= \"#f0b452\" color= \"#a2a2a2\" hover_color= \"#ffffff\" border_width= \"1\" border_color= \"#a2a2a2\" hover_border_color= \"#f0b452\" alignment= \"none\" href= \"\" animation_type= \"fadeIn\"][icon name= \"icon-pinterest2\" size= \"tiny\" style= \"square\" bg_color= \"\" hover_bg_color= \"#f0b452\" color= \"#a2a2a2\" hover_color= \"#ffffff\" border_width= \"1\" border_color= \"#a2a2a2\" hover_border_color= \"#f0b452\" alignment= \"none\" href= \"\" animation_type= \"fadeIn\"][icon name= \"icon-behance\" size= \"tiny\" style= \"square\" bg_color= \"\" hover_bg_color= \"#f0b452\" color= \"#a2a2a2\" hover_color= \"#ffffff\" border_width= \"1\" border_color= \"#a2a2a2\" hover_border_color= \"#f0b452\" alignment= \"none\" href= \"\" animation_type= \"fadeIn\"]","filter":false}}}