{"default-sidebar":{"text-2":{"title":"ABOUT MY BLOG","text":"Detracto erroribus et mea. Malorum temporibus vix ex. Ius ad iudico labores dissentiunt. \r\n\r\nEa mei nostrum imperdiet deterruisset, mei ludus efficiendi ei. Sea summo mazim ex, ea errem eleifend definitionem vim.\r\n\r\n[button button_text= \"FOLLOW ME\" icon= \"\" icon_alignment= \"left\" url= \"http:\/\/themeforest.net\" type= \"small\" alignment= \"left\" bg_color= \"#af9f66\" hover_bg_color= \"#af9f66\" color= \"#ffffff\" hover_color= \"#ffffff\" border_width= \"\" border_color= \"#ffffff\" hover_border_color= \"\" background_animation= \"bg-animation-none\" ]","filter":true},"categories-2":{"title":"","count":0,"hierarchical":0,"dropdown":0},"bra_photostream_widget-2":{"title":"Your Photostream","user":"srioz","limit":"12","social_network":"instagram"}}}