{"default-sidebar":{"search-2":{"title":""},"be-recent-posts-3":{"title":"WHAT'S NEW","number":5},"categories-3":{"title":"","count":0,"hierarchical":0,"dropdown":0}},"footer-widget-1":{"text-3":{"title":"ABOUT US","text":"Vestibulum orci turpis, dignissim a ipsum at, pharetra interdum erat. Aliquam eget mpus augue. Etiam placerat blandit turpi.","filter":false},"text-4":{"title":"","text":"[icon name= \"icon-googleplus\" size= \"small\" style= \"circle\" bg_color= \"#464646\" hover_bg_color= \"#d80808\" color= \"#ffffff\" hover_color= \"#ffffff\" border_width= \"0\" border_color= \"#ffffff\" hover_border_color= \"#d80808\" alignment= \"none\" href= \"www.facebook.com\" animation_type= \"fadeIn\"][icon name= \"icon-social_facebook\" size= \"small\" style= \"circle\" bg_color= \"#464646\" hover_bg_color= \"#d80808\" color= \"#ffffff\" hover_color= \"#ffffff\" border_width= \"0\" border_color= \"#ffffff\" hover_border_color= \"#d80808\" alignment= \"none\" href= \"www.facebook.com\" animation_type= \"fadeIn\"][icon name= \"icon-social_linkedin\" size= \"small\" style= \"circle\" bg_color= \"#464646\" hover_bg_color= \"#d80808\" color= \"#ffffff\" hover_color= \"#ffffff\" border_width= \"0\" border_color= \"#ffffff\" hover_border_color= \"#d80808\" alignment= \"none\" href= \"www.facebook.com\" animation_type= \"fadeIn\"][icon name= \"icon-social_twitter\" size= \"small\" style= \"circle\" bg_color= \"#464646\" hover_bg_color= \"#d80808\" color= \"#ffffff\" hover_color= \"#ffffff\" border_width= \"0\" border_color= \"#ffffff\" hover_border_color= \"#d80808\" alignment= \"none\" href= \"www.facebook.com\" animation_type= \"fadeIn\"]","filter":false}},"footer-widget-2":{"text-2":{"title":"CONTACT","text":"[lists][list icon= \"icon-streetsign\" icon_bg= \"#49ebc3\" icon_color= \"#cacaca\" ]<span style=\"color: #cacaca;\">5600 Orangethorpe Avenue, La Palma,&nbsp;CA - 90623<\/span>[\/list][list icon= \"icon-phone\" icon_bg= \"#49ebc3\" icon_color= \"#cacaca\" ]<span style=\"color: #cacaca;\">(980 ) - 226 - 8820<\/span>[\/list][list icon= \"icon-icon_mail_alt\" icon_bg= \"#49ebc3\" icon_color= \"#cacaca\" ]<span style=\"color: #cacaca;\">support@oshin.com<\/span>[\/list][\/lists]\r\n","filter":false}},"footer-widget-3":{"be-recent-posts-2":{"title":"FROM OUR BLOG","number":2}},"footer-widget-4":{"tag_cloud-2":{"title":"TAGS","taxonomy":"post_tag"}}}