{"last_tab":"0","site_status":"0","enable_pb":"1","logo":{"url":"http:\/\/www.brandexponents.com\/oshin\/wp-content\/uploads\/2014\/10\/oshin-black-logo.png","id":"2720","height":"50","width":"119","thumbnail":"http:\/\/www.brandexponents.com\/oshin\/wp-content\/uploads\/2014\/10\/oshin-black-logo.png"},"logo_transparent":{"url":"","id":"","height":"","width":"","thumbnail":""},"logo_transparent_light":{"url":"http:\/\/brandexponents.com\/oshin\/wp-content\/uploads\/2014\/11\/oshin-white-logo.png","id":"2853","height":"50","width":"119","thumbnail":"http:\/\/brandexponents.com\/oshin\/wp-content\/uploads\/2014\/11\/oshin-white-logo.png"},"logo_sidebar":{"url":"http:\/\/brandexponents.com\/oshin\/wp-content\/uploads\/2014\/11\/oshin-white-wo-border.png","id":"2854","height":"11","width":"71","thumbnail":"http:\/\/brandexponents.com\/oshin\/wp-content\/uploads\/2014\/11\/oshin-white-wo-border.png"},"favicon":{"url":"","id":"","height":"","width":"","thumbnail":""},"google_analytics_code":"","custom_css":".gallery_content {\r\n    box-shadow: 0 -1px 10px rgba(0,0,0,0.2);\r\n}\r\n\r\n.single-page-nav-link {\r\n    background: none;\r\n    border: 1px solid #999;\r\n}","custom_js":"","body":{"background-color":"#ffffff","background-repeat":"","background-size":"","background-attachment":"","background-position":"","background-image":"","media":{"id":"","height":"","width":"","thumbnail":""}},"content":{"background-color":"#ffffff","background-repeat":"","background-size":"","background-attachment":"","background-position":"","background-image":"","media":{"id":"","height":"","width":"","thumbnail":""}},"bottom_widgets":{"background-color":"#f2f3f8","background-repeat":"","background-size":"","background-attachment":"","background-position":"","background-image":"","media":{"id":"","height":"","width":"","thumbnail":""}},"header_title_module":{"background-color":"#FFFFFF","background-repeat":"","background-size":"","background-attachment":"","background-position":"","background-image":"","media":{"id":"","height":"","width":"","thumbnail":""}},"h1":{"font-family":"Montserrat","font-options":"","google":"1","font-weight":"700","font-style":"","subsets":"latin","text-align":"","text-transform":"none","font-size":"55px","line-height":"70px","letter-spacing":"","color":"#222222"},"h2":{"font-family":"Montserrat","font-options":"","google":"1","font-weight":"700","font-style":"","subsets":"latin","text-align":"","text-transform":"none","font-size":"42px","line-height":"63px","letter-spacing":"0px","color":"#222222"},"h3":{"font-family":"Montserrat","font-options":"","google":"1","font-weight":"700","font-style":"","subsets":"latin","text-align":"","text-transform":"none","font-size":"35px","line-height":"52px","letter-spacing":"1px","color":"#222222"},"h4":{"font-family":"Montserrat","font-options":"","google":"1","font-weight":"400","font-style":"","subsets":"latin","text-align":"","text-transform":"none","font-size":"26px","line-height":"42px","letter-spacing":"0px","color":"#222222"},"h5":{"font-family":"Montserrat","font-options":"","google":"1","font-weight":"400","font-style":"","subsets":"latin","text-align":"","text-transform":"none","font-size":"20px","line-height":"36px","letter-spacing":"0px","color":"#222222"},"h6":{"font-family":"Montserrat","font-options":"","google":"1","font-weight":"400","font-style":"","subsets":"latin","text-align":"","text-transform":"none","font-size":"15px","line-height":"32px","letter-spacing":"0px","color":"#222222"},"sub_title":{"font-family":"Crimson Text","font-options":"","google":"1","font-weight":"400","font-style":"italic","subsets":"latin","text-align":"","text-transform":"none","font-size":"16px"},"body_text":{"font-family":"Raleway","font-options":"","google":"1","font-weight":"400","font-style":"","subsets":"latin","text-align":"","text-transform":"none","font-size":"13px","line-height":"26px","letter-spacing":"0px","color":"#5f6263"},"sidebar_widget_title":{"font-family":"Montserrat","font-options":"","google":"1","font-weight":"400","font-style":"","subsets":"latin","text-align":"","text-transform":"uppercase","font-size":"12px","line-height":"22px","letter-spacing":"1px","color":"#333333"},"sidebar_widget_text":{"font-family":"Raleway","font-options":"","google":"1","font-weight":"400","font-style":"","subsets":"latin","text-align":"","text-transform":"none","font-size":"13px","line-height":"24px","letter-spacing":"0px","color":"#606060"},"bottom_widget_title":{"font-family":"Montserrat","font-options":"","google":"1","font-weight":"400","font-style":"","subsets":"latin","text-align":"","text-transform":"uppercase","font-size":"12px","line-height":"22px","letter-spacing":"1px","color":"#474747"},"bottom_widget_text":{"font-family":"Raleway","font-options":"","google":"1","font-weight":"400","font-style":"","subsets":"latin","text-align":"","text-transform":"none","font-size":"13px","line-height":"24px","letter-spacing":"0px","color":"#757575"},"slidebar_widget_title":{"font-family":"Montserrat","font-options":"","google":"1","font-weight":"400","font-style":"","subsets":"latin","text-align":"","text-transform":"none","font-size":"12px","line-height":"22px","letter-spacing":"1px","color":"#ffffff"},"slidebar_widget_text":{"font-family":"Raleway","font-options":"","google":"1","font-weight":"400","font-style":"","subsets":"latin","text-align":"","text-transform":"none","font-size":"13px","line-height":"25px","letter-spacing":"0px","color":"#a2a2a2"},"footer_text":{"font-family":"Raleway","font-options":"","google":"1","font-weight":"400","font-style":"","subsets":"latin","text-align":"","text-transform":"none","font-size":"13px","line-height":"14px","letter-spacing":"0px","color":"#888888"},"navigation_text":{"font-family":"Montserrat","font-options":"","google":"1","font-weight":"","font-style":"","subsets":"latin","text-align":"","text-transform":"uppercase","font-size":"12px","line-height":"51px","letter-spacing":"1px","color":"#232323"},"submenu_text":{"font-family":"Raleway","font-options":"","google":"1","font-weight":"400","font-style":"","subsets":"latin","text-align":"","text-transform":"none","font-size":"13px","line-height":"28px","letter-spacing":"0px","color":"#bbbbbb"},"sidebar_menu_text":{"font-family":"Raleway","font-options":"","google":"1","font-weight":"400","font-style":"","subsets":"latin","text-align":"","text-transform":"uppercase","font-size":"12px","line-height":"50px","letter-spacing":"1px","color":"#ffffff"},"sidebar_submenu_text":{"font-family":"Raleway","font-options":"","google":"1","font-weight":"300","font-style":"","subsets":"latin","text-align":"","text-transform":"none","font-size":"13px","line-height":"30px","letter-spacing":"","color":"#e8e8e8"},"mobile_menu_text":{"font-family":"Montserrat","font-options":"","google":"1","font-weight":"400","font-style":"","subsets":"latin","text-align":"","text-transform":"uppercase","font-size":"12px","line-height":"40px","letter-spacing":"1px","color":"#232323"},"mobile_submenu_text":{"font-family":"Raleway","font-options":"","google":"1","font-weight":"400","font-style":"","subsets":"latin","text-align":"","text-transform":"none","font-size":"13px","line-height":"27px","letter-spacing":"0px","color":"#bbbbbb"},"page_title_module_typo":{"font-family":"Montserrat","font-options":"","google":"1","font-weight":"","font-style":"","subsets":"latin","text-align":"","text-transform":"uppercase","font-size":"18px","line-height":"36px","letter-spacing":"3px","color":"#000000"},"layout":"layout-wide","border-bg-setting":{"background-color":"#d3d3d3","background-repeat":"","background-size":"","background-attachment":"","background-position":"","background-image":"","media":{"id":"","height":"","width":"","thumbnail":""}},"sticky_header":"0","all_ajax":"1","all_ajax_exclude_links":"","comments_on_page":"0","smooth_scroll":"0","page_loader_style":"style2-loader","seach_widget_style":"style2-header-search-widget","search_bg":{"color":"#ffffff","alpha":"0.85"},"search_font_color":"#000000","textbox_style":"style1","slider_navigation_style":"style1-arrow","slider_nav_bg":{"color":"#000000","alpha":"1"},"slider_nav_hover_bg":{"color":"#000000","alpha":"1"},"slider_nav_color":"#ffffff","slider_nav_hover_color":"#ffffff","custom_sidebars":[""],"bottom_widgets_layout":"four-col","opt-header-type":"top","opt-header-color":{"background-color":"#ffffff","background-repeat":"","background-size":"","background-attachment":"","background-position":"","background-image":"","media":{"id":"","height":"","width":"","thumbnail":""}},"opt-noshow-topbar":"0","opt-topbar-color":{"color":"#323232","alpha":"0.85"},"opt-topbar-text-color":"#ffffff","opt-topbar-border-color":{"border-top":"3px","border-right":"0","border-bottom":"0","border-left":"0","border-style":"none","border-color":"#323232"},"opt-phone-topbar":"","opt-email-topbar":"","opt-smedia-topbar":"                                            ","opt-topbar-widgets-pos":{"unused":{"placebo":"placebo","phone":"Text 1","email":"Text 2","menu":"Menu Links","socialmedia":"Code Content","search":"Search Wdiget","cart":"Cart"},"left":{"placebo":"placebo"},"right":{"placebo":"placebo"}},"opt-header-wrap":"1","opt-header-style":"http:\/\/brandexponents.com\/oshin\/v14\/wp-content\/themes\/oshin\/img\/headers\/style1.png","opt-header-border-color":{"border-top":"0","border-right":"0","border-bottom":"0px","border-left":"0","border-style":"none","border-color":"#ffffff"},"opt-header-border-wrap":"0","opt-logo-padding":"25","submenu_bg_color":{"color":"#1f1f1f","alpha":"1"},"sub_menu_border":"#323232","mobile_menu_bg":{"color":"#ffffff","alpha":"1"},"opt-bottombar-color":{"color":"#ffffff","alpha":"0.00"},"opt-bottombar-border-color":{"border-top":"0","border-right":"1px","border-bottom":"0","border-left":"1px","border-style":"none","border-color":"#"},"top-menu-style":"","sidebar_menu_bg_color":{"color":"#1a1a1a","alpha":"1"},"right_side_menu_border":"#2d2d2d","header_cart_count_background":"#646464","header_cart_count_color":"#f5f5f5","semi-transparent-header-color":{"color":"#000000","alpha":"0.62"},"opt-phone-header":"","opt-email-header":"","opt-header-social-media":"                                            ","opt-header-pos":{"unused":{"placebo":"placebo","phone":"Text 1","socialmedia":"Code Content","cart":"Cart","smenu":"Sliding Menu","email":"Text 2","menu":"Menu Links"},"left":{"placebo":"placebo"},"right":{"placebo":"placebo","search":"Search Wdiget"}},"left-header-style":"strip","left-static-overlay":{"color":"#ffffff","alpha":"0.85"},"left-strip-logo":{"url":"http:\/\/www.brandexponents.com\/oshin\/wp-content\/uploads\/2014\/09\/oshin-mini.png","id":"2553","height":"29","width":"35","thumbnail":"http:\/\/www.brandexponents.com\/oshin\/wp-content\/uploads\/2014\/09\/oshin-mini.png"},"left_overlay_menu_bg_color":{"color":"#080808","alpha":"0.94"},"left_side_menu_border":"#3d3d3d","opt-footer-wrap":"1","footer-style":"style1","footer_background":{"background-color":"#0f0f0f","background-repeat":"","background-size":"","background-attachment":"","background-position":"","background-image":"","media":{"id":"","height":"","width":"","thumbnail":""}},"footer-border-color":{"border-top":"0","border-right":"0","border-bottom":"0","border-left":"0","border-style":"none","border-color":""},"footer-border-wrap":"true","footer_padding":"25","footer_text1":"                        Copyright Brand Exponents 2014. All Rights Reserved                    ","footer_text2":"                                            ","footer_text3":"                                            ","footer-content-pos-left":"none","footer-content-pos-center":"text1","footer-content-pos-right":"none","color_scheme":"#38d2d9","alt_bg_text_color":"#ffffff","sec_bg":"#fafbfd","sec_color":"#7a7a7a","sec_border":"#eeeeee","tert_bg":"#ffffff","open_to_lightbox":"1","blog_style":"style6","post_title":{"font-family":"Montserrat","font-options":"","google":"1","font-weight":"400","font-style":"","subsets":"latin","text-align":"","text-transform":"none","font-size":"20px","line-height":"40px","letter-spacing":"0px","color":"#000000"},"masonry_post_title":{"font-family":"Montserrat","font-options":"","google":"1","font-weight":"400","font-style":"","subsets":"latin","text-align":"","text-transform":"none","font-size":"16px","line-height":"28px","letter-spacing":"0px","color":"#363c3b"},"post_meta_options":{"font-family":"Raleway","font-options":"","google":"1","font-weight":"400","font-style":"","subsets":"latin","text-align":"","text-transform":"uppercase","font-size":"12px","line-height":"24px","letter-spacing":"0px","color":"#757575"},"blog_sidebar":"right","blog_column":"three-col","blog_gutter_style":"style1","blog_pagination_style":"normal","blog_gutter_width":"40","show_bottom_widgets":"yes","blog_read_more_style":"style1","blog_page_show_page_title_module":"0","portfolio_home_page":"http:\/\/brandexponents.com\/oshin\/v14\/#portfolio","portfolio_title_nav_color":"#ededed","portfolio_nav_color":"#d2d2d2","portfolio_nav_hover_color":"#000000","portfolio_title_bar_padding":"15","portfolio_title_bar_border":{"border-top":"0","border-right":"0","border-bottom":"1px","border-left":"0","border-style":"solid","border-color":"#e8e8e8"},"portfolio_title_nav_style":"style1","portfolio_title_nav_bg":{"color":"#ffffff","alpha":"0.00"},"portfolio_title_nav_text_color":"#2b2b2b","portfolio_title_nav_hover_bg_color":{"color":"#38d2d9","alpha":"0.85"},"portfolio_title_nav_text_hover_color":"#ffffff","portfolio_title":{"font-family":"Montserrat","font-options":"","google":"1","font-weight":"400","font-style":"","subsets":"latin","text-align":"","text-transform":"uppercase","font-size":"13px","line-height":"27px","letter-spacing":"0px"},"portfolio_meta_typo":{"text-transform":"none","font-size":"12px","line-height":"14px","letter-spacing":"0px"},"portfolio_style":"portfolio","portfolio_col":"three","portfolio_hover":{"color":"#38d2d9","alpha":"0.85"},"portfolio_visit_site_style":"style3","pb_module_title":{"font-family":"Raleway","font-options":"","google":"1","font-weight":"600","font-style":"","subsets":"latin","letter-spacing":"0px"},"pb_tab_font_size":{"text-transform":"uppercase","font-size":"13px","line-height":"17px"},"pb_acc_font_size":{"text-transform":"uppercase","font-size":"13px","line-height":"17px"},"pb_skill_font_size":{"text-transform":"uppercase","font-size":"12px","line-height":"17px"},"pb_module_spl_body":{"font-family":"Crimson Text","font-options":"","google":"1","font-weight":"400","font-style":"italic","subsets":"latin","text-transform":"none","letter-spacing":"0px"},"pb_blockquote_font_size":{"font-size":"26px"},"pb_module_tweet":{"font-family":"Raleway","font-options":"","google":"1","font-weight":"400","font-style":"","subsets":"latin","text-transform":"none","letter-spacing":"0px"},"button_font":{"font-family":"Montserrat","font-options":"","google":"1","font-weight":"400","font-style":"","subsets":"latin"},"shop_products_column":"three","show_sidebar_on_shop_page":"0","number_of_products_per_page":"9","shop_page_title":{"font-family":"Montserrat","font-options":"","google":"1","font-weight":"400","font-style":"","subsets":"latin","text-align":"","text-transform":"uppercase","font-size":"13px","line-height":"27px","letter-spacing":"1px","color":"#222222"},"shop_single_page_title":{"font-family":"Montserrat","font-options":"","google":"1","font-weight":"400","font-style":"","subsets":"latin","text-align":"","text-transform":"none","font-size":"25px","line-height":"27px","letter-spacing":"0px","color":"#222222"},"sigle_page_woo_tabs_position":"full_width","shop_page_button_bg_color":"","shop_page_button_color":"#000000","shop_page_button_border_color":"#000000","shop_page_button_hover_bg_color":"#e0a240","shop_page_button_hover_color":"#ffffff","shop_page_button_border_hover_color":"#e0a240","shop_page_button_border_width":"2","shop_page_alt_button_bg_color":"","shop_page_alt_button_color":"#000000","shop_page_alt_button_border_color":"#000000","shop_page_alt_button_hover_bg_color":"#000000","shop_page_alt_button_hover_color":"#ffffff","shop_page_alt_button_border_hover_color":"#000000","shop_page_alt_button_border_width":"2","mail_id":"","contact_form_typo":{"font-family":"Montserrat","font-options":"","google":"1","font-weight":"400","font-style":"","subsets":"latin","text-align":"","text-transform":"none","font-size":"13px","line-height":"26px","letter-spacing":"0px","color":"#222222"},"single_blog_hero_section_from":"inherit_option_panel","single_blog_hero_section":"none","single_blog_hero_section_slider_shortcode":"","single_blog_header_transparent":"none","single_blog_header_sticky":"inherit","single_blog_header_transparent_color_scheme":"dark","single_blog_hero_section_position":"after","single_blog_hero_section_custom_height":"","single_blog_hero_section_with_header":"no","single_blog_hero_section_bg_color":"","single_blog_hero_section_bg_image":{"background-repeat":"","background-size":"","background-attachment":"","background-position":"","background-image":"","media":{"id":"","height":"","width":"","thumbnail":""}},"single_blog_hero_section_bg_video":"0","single_blog_hero_section_bg_video_format":"mp4","single_blog_hero_section_bg_video_url":"","single_blog_hero_section_video_mute":"0","single_blog_hero_section_bg_animation":"none","single_blog_hero_section_overlay":"0","single_blog_hero_section_bg_overlay":{"color":"#e0a240","alpha":"0.85"},"single_blog_hero_section_container_wrap":"yes","single_blog_hero_section_content":"","single_shop_hero_section_from":"inherit_option_panel","single_shop_hero_section":"none","single_shop_hero_section_slider_shortcode":"","single_shop_header_transparent":"none","single_shop_header_sticky":"inherit","single_shop_header_transparent_color_scheme":"dark","single_shop_hero_section_position":"after","single_shop_hero_section_custom_height":"","single_shop_hero_section_with_header":"no","single_shop_hero_section_bg_color":"","single_shop_hero_section_bg_image":{"background-repeat":"","background-size":"","background-attachment":"","background-position":"","background-image":"","media":{"id":"","height":"","width":"","thumbnail":""}},"single_shop_hero_section_bg_video":"0","single_shop_hero_section_bg_video_format":"mp4","single_shop_hero_section_bg_video_url":"","single_shop_hero_section_video_mute":"0","single_shop_hero_section_bg_parallax":"0","single_shop_hero_section_bg_mouse_move_parallax":"0","single_shop_hero_section_overlay":"0","single_shop_hero_section_bg_overlay":{"color":"#11d6e0","alpha":"0.85"},"single_shop_hero_section_container_wrap":"yes","single_shop_hero_section_content":"","redux-backup":"1"}